abaca,1.593,,
aback,2.496,,
abaft,1.769,,
abase,1.894,,
abash,1.292,,
abate,2.070,,
abbey,3.504,,
abbot,2.935,,
abeam,2.195,,
abele,1.593,,
abhor,2.406,,
abide,3.435,,
abler,1.593,,
abode,2.823,,
abort,3.665,,
about,6.559,,
above,4.689,,
abuse,4.011,,
abuzz,1.769,,
abysm,1.292,,
abyss,3.251,,
acerb,1.292,,
acorn,2.872,,
acrid,1.769,,
acryl,1.292,,
actin,3.032,,
actor,4.420,,
acute,3.471,,
adage,2.810,,
adapt,3.422,,
addax,1.292,,
added,3.985,,
adder,3.161,,
addle,2.246,,
adept,2.823,,
adieu,3.270,,
adman,1.292,,
admin,2.654,,
admit,4.772,,
admix,1.292,,
adobe,2.690,,
adopt,3.670,,
adore,3.888,,
adorn,2.246,,
adown,1.292,,
adult,4.155,,
adyta,1.292,,
aegis,2.070,,
aerie,1.593,,
affix,2.137,,
afire,2.707,,
afoot,3.016,,
afore,2.593,,
afoul,2.371,,
after,5.834,,
again,5.899,,
agama,1.292,,
agape,1.292,,
agate,1.769,,
agave,1.769,,
agent,5.011,,
aggie,3.321,,
agile,2.614,,
aging,3.412,,
aglet,1.593,,
agley,1.292,,
aglow,2.690,,
agony,3.575,,
agora,1.593,,
agree,4.810,,
ahead,5.297,,
ahold,3.780,,
aider,1.593,,
aides,2.810,,
aimer,1.894,,
aisle,3.872,,
aitch,1.292,,
alack,2.137,,
alarm,4.475,,
alary,1.292,,
album,4.010,,
alder,2.070,,
aleck,1.292,,
aleph,2.137,,
alert,4.314,,
algae,2.654,,
algal,1.292,,
algid,1.292,,
alias,3.612,,
alibi,3.922,,
alien,4.241,,
align,2.836,,
alike,4.055,,
alive,5.188,,
alkyd,1.593,,
alkyl,1.292,,
allay,2.547,,
alley,4.212,,
allot,2.246,,
allow,4.647,,
alloy,3.016,,
aloft,2.872,,
aloha,3.468,,
alone,5.489,,
along,5.262,,
aloof,2.823,,
aloud,3.270,,
alpha,3.910,,
altar,3.707,,
alter,3.681,,
amass,1.894,,
amaze,3.211,,
amber,3.968,,
ambit,1.292,,
amble,2.070,,
ambos,1.991,,
ambry,1.292,,
amend,2.883,,
amice,1.593,,
amide,1.292,,
amigo,3.707,,
amine,1.593,,
amino,2.797,,
amiss,2.883,,
amity,2.739,,
amole,1.292,,
among,4.530,,
amour,3.274,,
ample,3.265,,
amply,2.571,,
amuck,2.723,,
amuse,3.419,,
ancon,1.292,,
anent,1.292,,
angel,4.893,,
anger,4.288,,
angle,4.174,,
angry,4.770,,
angst,2.973,,
angus,3.612,,
anile,1.292,,
anima,2.333,,
anime,2.137,,
anion,1.593,,
anise,1.894,,
ankle,3.905,,
annex,2.935,,
annoy,3.402,,
annul,2.723,,
anode,2.246,,
anole,1.292,,
anomy,1.292,,
antes,1.769,,
antic,1.991,,
antsy,2.810,,
anvil,2.810,,
aorta,3.189,,
apace,1.894,,
apart,4.672,,
apery,1.292,,
aphid,1.991,,
aphis,1.894,,
apian,1.292,,
aping,1.593,,
apish,1.593,,
apnea,2.246,,
apple,4.374,,
apply,4.097,,
april,4.315,,
apron,3.429,,
aptly,2.614,,
arbor,2.894,,
arcos,1.292,,
ardor,2.195,,
areal,1.593,,
areca,1.292,,
arena,3.561,,
argil,1.292,,
argon,2.292,,
argot,1.593,,
argue,4.295,,
arise,3.474,,
armed,4.358,,
armor,3.864,,
aroid,1.292,,
aroma,3.137,,
arose,2.925,,
arras,2.292,,
array,3.329,,
arrow,3.895,,
arsis,1.292,,
arson,3.479,,
artsy,2.547,,
asana,1.769,,
ascot,2.739,,
asdic,1.292,,
ashen,2.292,,
ashes,3.994,,
aside,4.376,,
asker,1.894,,
askew,2.468,,
aspen,3.279,,
aspic,2.496,,
assai,1.593,,
assay,2.246,,
asset,3.580,,
aster,2.333,,
astir,1.593,,
atilt,1.292,,
atlas,3.016,,
atman,1.593,,
atoll,2.739,,
atomy,1.292,,
atone,2.935,,
atria,1.991,,
attar,1.593,,
attic,3.895,,
audio,3.747,,
audit,3.055,,
auger,2.371,,
aught,2.571,,
augur,1.593,,
aunty,3.016,,
aural,1.991,,
aurum,1.292,,
avail,2.935,,
avert,2.783,,
avian,1.991,,
avoid,4.385,,
await,3.552,,
awake,4.426,,
award,4.110,,
aware,4.552,,
awash,2.522,,
awful,4.802,,
awing,1.593,,
awoke,3.124,,
axial,2.195,,
axils,1.292,,
axiom,2.195,,
azoic,1.292,,
azote,1.292,,
azoth,1.292,,
azure,2.496,,
azury,1.292,,
babul,1.292,,
bacon,4.074,,
baddy,2.070,,
badge,4.183,,
badly,4.418,,
bagel,3.488,,
baggy,2.982,,
baits,2.292,,
baize,1.292,,
baked,3.826,,
baker,4.136,,
baldy,3.048,,
baler,1.593,,
balky,1.292,,
bally,2.547,,
balmy,2.769,,
balsa,2.137,,
banal,2.468,,
bandy,2.571,,
banjo,3.216,,
banns,2.195,,
bantu,2.137,,
barer,1.593,,
barge,3.591,,
baric,1.292,,
barky,1.292,,
barmy,2.292,,
baron,4.129,,
basal,2.496,,
based,4.425,,
bases,3.554,,
basic,4.192,,
basil,3.137,,
basin,3.279,,
basis,4.077,,
basso,2.137,,
baste,2.571,,
batch,3.620,,
bated,1.991,,
bathe,3.402,,
batik,2.070,,
baton,3.456,,
batty,2.848,,
bawdy,2.292,,
bayed,1.292,,
bayou,3.131,,
bazar,1.593,,
beach,4.753,,
beady,2.860,,
beaky,2.769,,
beamy,1.292,,
beano,2.371,,
beard,4.101,,
beast,4.390,,
beaux,2.137,,
bebop,2.634,,
bedew,1.292,,
bedim,1.593,,
beech,2.571,,
beefy,2.522,,
beery,2.522,,
befit,1.292,,
befog,1.292,,
begat,2.522,,
beget,2.522,,
begin,4.755,,
begum,1.292,,
begun,4.023,,
beige,3.137,,
being,5.686,,
belay,2.823,,
belch,2.872,,
belie,2.292,,
belle,3.909,,
belly,4.192,,
below,4.447,,
bench,3.986,,
bendy,2.371,,
benne,1.593,,
bento,1.292,,
beret,2.982,,
berry,3.545,,
berth,2.905,,
beryl,2.672,,
beset,2.468,,
besom,1.292,,
besot,1.292,,
betel,1.593,,
betty,4.388,,
bevel,1.991,,
bezel,1.593,,
bhang,1.292,,
bible,4.263,,
bicep,2.522,,
biddy,2.406,,
bidet,2.571,,
bifid,1.292,,
bight,2.195,,
bigot,2.797,,
bijou,3.265,,
biker,3.195,,
bilge,3.048,,
bilgy,1.292,,
bimbo,3.325,,
binge,2.973,,
bingo,4.099,,
biome,1.292,,
biota,1.292,,
biped,2.333,,
bipod,1.292,,
birch,3.195,,
birth,4.440,,
bison,2.547,,
bitch,5.227,,
biter,2.769,,
bitsy,2.955,,
bitty,3.256,,
bizzo,1.292,,
black,5.225,,
blade,4.114,,
blain,2.333,,
blame,4.769,,
bland,3.040,,
blank,3.987,,
blare,2.614,,
blase,1.593,,
blast,4.209,,
blaze,3.325,,
bleak,3.040,,
blear,1.292,,
bleat,2.137,,
bleed,4.004,,
bleep,3.429,,
blend,3.632,,
bless,4.544,,
blest,2.070,,
blimp,3.024,,
blind,4.661,,
bling,3.084,,
blink,3.705,,
bliss,3.499,,
blitz,3.105,,
bloat,2.723,,
block,4.607,,
bloke,3.670,,
blond,4.019,,
blood,5.269,,
bloom,3.742,,
blown,4.201,,
blowy,1.593,,
bluer,2.707,,
blues,4.011,,
bluff,3.794,,
blunt,3.692,,
blurb,2.438,,
blurt,2.707,,
blush,3.429,,
board,4.807,,
boast,3.032,,
bobby,4.842,,
bocce,2.333,,
bodge,1.593,,
bogey,3.399,,
boggy,2.070,,
bogie,2.707,,
bogus,3.435,,
bolus,2.836,,
boned,2.915,,
boner,3.371,,
boney,2.070,,
bongo,3.432,,
bonny,3.274,,
bonus,3.964,,
bonze,1.292,,
booby,3.406,,
boost,3.655,,
booth,4.309,,
boots,4.282,,
booty,3.789,,
booze,4.039,,
boozy,2.246,,
borax,2.070,,
bored,4.305,,
borer,1.769,,
boric,1.593,,
borne,3.016,,
boron,2.246,,
borty,1.292,,
bosky,1.292,,
bosom,3.496,,
boson,1.292,,
bossy,3.246,,
botch,2.522,,
bothy,1.292,,
bough,2.496,,
boule,2.371,,
bound,4.265,,
bourn,1.769,,
bovid,1.292,,
bowed,2.915,,
bowel,3.557,,
bower,2.438,,
bowie,3.453,,
bowls,3.341,,
boxer,3.586,,
boyar,1.292,,
brace,3.797,,
bract,1.292,,
braid,2.982,,
brail,1.292,,
brain,4.886,,
brake,3.778,,
brand,4.145,,
brash,2.634,,
brass,4.084,,
brave,4.501,,
bravo,4.279,,
brawl,3.329,,
brawn,2.769,,
braxy,1.292,,
braze,1.292,,
bread,4.452,,
break,5.344,,
bream,1.292,,
breed,3.802,,
briar,2.894,,
bribe,3.782,,
brick,4.008,,
bride,4.384,,
brief,4.157,,
brier,2.783,,
brill,3.008,,
brine,2.522,,
bring,5.514,,
brink,3.399,,
briny,2.783,,
brisk,3.024,,
brite,2.333,,
broad,4.168,,
brock,3.385,,
broil,2.496,,
broke,5.021,,
brome,1.292,,
brood,3.040,,
brook,3.313,,
broom,3.679,,
brose,1.292,,
broth,2.955,,
brown,4.779,,
bruin,1.894,,
bruit,1.292,,
brume,1.292,,
brunt,2.707,,
brush,4.151,,
brute,3.504,,
bubal,1.292,,
bubba,3.612,,
bubby,2.292,,
bucko,2.810,,
buddy,5.012,,
budge,3.313,,
buffo,1.593,,
buffy,3.507,,
buggy,3.399,,
bugle,3.241,,
build,4.682,,
built,4.614,,
bulge,2.982,,
bulgy,1.769,,
bulky,2.723,,
bulla,1.593,,
bully,3.859,,
bumpy,3.573,,
bunch,4.770,,
bunko,2.195,,
bunny,4.268,,
bunya,1.292,,
burgh,2.137,,
burin,1.292,,
burka,1.894,,
burke,3.973,,
burly,2.547,,
burnt,3.981,,
burro,2.964,,
burry,2.137,,
bursa,1.894,,
burse,1.593,,
burst,3.931,,
busby,1.769,,
bushy,2.707,,
busty,2.406,,
butch,3.809,,
butte,2.739,,
butty,1.292,,
butyl,1.292,,
buxom,2.070,,
buyer,3.715,,
bwana,2.810,,
bylaw,2.137,,
byway,2.195,,
cabal,2.438,,
cabby,2.883,,
caber,2.406,,
cabin,4.293,,
cable,4.337,,
cabob,1.292,,
cacao,1.292,,
cache,2.797,,
cacti,1.991,,
caddy,3.456,,
cadet,3.540,,
cadge,1.593,,
cadre,2.406,,
caged,3.216,,
cagey,2.769,,
cairn,1.894,,
cakey,1.769,,
calla,2.371,,
calve,1.292,,
calyx,1.292,,
camel,3.702,,
cameo,2.690,,
campo,2.070,,
campy,1.894,,
canal,3.806,,
candy,4.553,,
caner,1.292,,
canna,1.894,,
canny,2.371,,
canoe,3.554,,
canon,2.999,,
canto,2.195,,
canty,1.769,,
caped,2.195,,
caper,3.251,,
capes,2.522,,
capon,1.991,,
caput,1.769,,
carat,2.571,,
carer,1.991,,
caret,1.292,,
cargo,3.955,,
carob,2.371,,
carol,4.458,,
carom,2.070,,
carpi,1.593,,
carry,4.818,,
carte,3.077,,
carve,3.493,,
cased,2.634,,
caser,1.292,,
caste,2.945,,
casus,1.292,,
catch,5.131,,
cater,3.105,,
catty,2.593,,
caulk,2.438,,
cause,5.491,,
cavil,1.292,,
cease,3.941,,
cecum,2.371,,
cedar,3.399,,
celeb,2.547,,
cello,3.274,,
cense,1.292,,
cento,1.292,,
cerci,1.292,,
ceria,1.292,,
cetin,1.292,,
chafe,2.438,,
chaff,2.371,,
chain,4.326,,
chair,4.692,,
chalk,3.557,,
champ,4.179,,
chant,3.360,,
chaos,3.973,,
chape,1.292,,
chaps,3.412,,
chard,2.070,,
chare,1.292,,
charm,4.192,,
chart,3.977,,
chary,1.292,,
chase,4.516,,
chasm,2.571,,
cheap,4.559,,
cheat,4.247,,
check,5.445,,
cheek,3.855,,
cheep,2.137,,
cheer,4.271,,
chela,1.769,,
chemo,3.246,,
chert,1.292,,
chess,3.873,,
chest,4.612,,
chevy,3.537,,
chewy,2.848,,
chick,4.417,,
chide,2.070,,
chief,4.891,,
child,5.197,,
chili,3.875,,
chill,4.210,,
chime,2.973,,
chimp,3.479,,
china,4.395,,
chine,1.991,,
chink,3.161,,
chino,3.477,,
chips,4.210,,
chirm,1.292,,
chirp,2.783,,
chirr,1.292,,
chive,1.292,,
chock,2.292,,
choir,3.726,,
choke,3.812,,
choky,1.769,,
chomp,2.438,,
chook,2.070,,
chord,3.265,,
chore,3.008,,
chose,4.271,,
chuck,4.332,,
chufa,1.292,,
chuff,1.769,,
chump,3.614,,
chunk,3.618,,
churl,1.593,,
churn,2.797,,
chute,3.559,,
chyme,1.292,,
cider,3.283,,
cigar,4.112,,
cilia,1.769,,
cinch,3.554,,
circa,2.848,,
cirri,1.292,,
citer,1.292,,
civet,2.137,,
civic,3.337,,
civil,4.202,,
civvy,1.769,,
clack,2.654,,
clade,1.292,,
claim,4.404,,
clamp,3.837,,
clang,2.935,,
clank,2.522,,
clash,3.131,,
clasp,3.016,,
class,5.069,,
clave,2.070,,
clean,5.083,,
clear,5.235,,
cleat,2.654,,
cleek,1.593,,
cleft,2.783,,
clerk,4.111,,
click,3.808,,
cliff,4.334,,
climb,4.295,,
clime,2.137,,
cline,2.547,,
cling,3.402,,
clink,3.118,,
clips,3.341,,
cloak,3.479,,
clock,4.768,,
clomp,2.246,,
clone,3.402,,
clonk,1.292,,
close,5.341,,
cloth,3.786,,
cloud,4.070,,
clout,2.982,,
clove,2.723,,
clown,4.199,,
cloze,1.292,,
cluck,3.161,,
clump,2.739,,
clung,2.690,,
clunk,2.810,,
coach,4.677,,
coaly,1.292,,
coast,4.426,,
coati,1.292,,
cobia,1.292,,
coble,2.406,,
cobra,3.525,,
cocky,3.616,,
cocoa,3.702,,
codec,1.292,,
coder,2.137,,
codex,2.547,,
codon,1.593,,
cogon,1.292,,
colic,2.723,,
colon,3.406,,
color,4.595,,
colza,1.292,,
combo,3.392,,
comer,2.593,,
comes,5.358,,
comet,3.490,,
comfy,3.356,,
comic,4.035,,
comma,2.999,,
compo,1.292,,
conch,2.614,,
condo,3.626,,
coned,1.593,,
cones,3.084,,
conga,2.925,,
conic,1.894,,
cooer,1.593,,
coomb,1.292,,
copal,1.292,,
copra,1.991,,
copse,1.292,,
coral,3.378,,
cored,1.593,,
corer,1.292,,
corgi,1.593,,
corky,3.545,,
corny,3.599,,
corps,4.037,,
cosec,1.292,,
cotta,1.991,,
couch,4.370,,
cough,3.944,,
could,6.211,,
count,4.954,,
coupe,2.797,,
court,5.003,,
couth,2.195,,
coved,1.292,,
coven,2.783,,
cover,4.974,,
covet,2.982,,
covey,2.797,,
cower,2.522,,
cowry,1.593,,
coyly,1.894,,
coypu,1.292,,
cozen,1.593,,
crack,4.516,,
craft,3.754,,
crake,1.292,,
cramp,3.450,,
crane,4.526,,
crank,3.728,,
crape,1.593,,
craps,3.485,,
crash,4.457,,
crass,2.860,,
crate,3.614,,
crave,3.321,,
crawl,4.081,,
craze,3.016,,
crazy,5.434,,
creak,2.723,,
cream,4.687,,
credo,2.836,,
creed,3.406,,
creek,3.950,,
creel,1.991,,
creep,4.051,,
crepe,2.925,,
crept,3.063,,
cress,1.593,,
crest,3.325,,
crick,3.265,,
cried,4.113,,
crier,2.547,,
crime,4.852,,
crimp,2.654,,
crisp,3.501,,
croak,3.070,,
crock,3.309,,
croft,2.999,,
crone,2.654,,
crony,2.292,,
crook,3.754,,
croon,2.406,,
crore,1.292,,
cross,4.740,,
croup,2.468,,
crowd,4.572,,
crown,4.136,,
crude,3.485,,
cruel,4.264,,
cruet,1.593,,
crumb,3.260,,
crump,2.070,,
cruor,1.292,,
cruse,1.292,,
crush,4.225,,
crust,3.515,,
crypt,3.143,,
cubby,2.905,,
cubeb,1.593,,
cubic,2.945,,
cubit,1.769,,
cuddy,2.634,,
culet,1.292,,
cully,3.055,,
culpa,2.634,,
cumin,2.522,,
cupid,3.402,,
cuppa,2.246,,
curdy,1.292,,
curer,1.292,,
curia,1.593,,
curie,3.274,,
curio,2.292,,
curly,3.762,,
curry,3.389,,
curse,4.260,,
curst,2.195,,
curve,3.665,,
curvy,2.333,,
cusec,1.292,,
cushy,2.860,,
cutch,1.292,,
cutie,3.462,,
cutis,1.292,,
cutup,1.991,,
cycad,1.292,,
cycle,3.770,,
cylix,1.292,,
cynic,3.048,,
dacha,1.991,,
daddy,5.267,,
daffy,3.184,,
dagga,1.292,,
daily,4.194,,
dairy,3.447,,
daisy,4.131,,
dally,2.894,,
daman,1.292,,
dance,5.170,,
dandy,3.644,,
darer,1.593,,
dares,3.385,,
darts,3.296,,
dashy,1.292,,
dater,2.292,,
datum,1.292,,
daunt,1.769,,
davit,1.292,,
dazed,2.883,,
dealt,3.872,,
death,5.335,,
debag,1.292,,
debar,1.292,,
debit,2.246,,
debug,2.333,,
debus,1.292,,
debut,3.416,,
decaf,3.382,,
decal,2.137,,
decay,3.317,,
decor,3.016,,
decoy,3.554,,
decry,1.292,,
defer,2.783,,
defog,1.292,,
degas,2.883,,
degum,1.292,,
deice,1.292,,
deify,1.593,,
deign,2.522,,
deink,1.292,,
deism,1.292,,
deist,1.292,,
deity,2.754,,
dekko,1.292,,
delay,4.042,,
delft,2.333,,
delta,3.921,,
delve,2.468,,
demit,1.292,,
demon,4.494,,
demos,2.522,,
demur,1.593,,
denim,2.823,,
dense,3.329,,
depot,3.471,,
depth,3.917,,
derby,3.345,,
derma,2.070,,
deter,2.614,,
detox,3.131,,
deuce,3.459,,
devil,4.616,,
dhobi,1.292,,
dhole,1.593,,
dhoti,1.292,,
diary,3.954,,
dicer,1.894,,
dicey,2.797,,
dicta,1.292,,
didst,2.547,,
dight,1.292,,
digit,2.783,,
dildo,3.131,,
dilly,2.547,,
dimer,1.593,,
dimly,2.406,,
dinar,2.571,,
diner,4.093,,
dingo,3.118,,
dingy,2.797,,
dinky,3.016,,
diode,2.195,,
dippy,2.634,,
dipso,1.292,,
dirge,2.292,,
dirty,4.822,,
disco,3.762,,
dishy,2.292,,
ditch,3.896,,
ditsy,1.894,,
ditto,3.226,,
ditty,2.905,,
ditzy,2.195,,
divan,2.137,,
diver,3.389,,
divot,2.468,,
divvy,2.654,,
dixit,1.593,,
dizzy,3.926,,
dobby,3.048,,
dobra,1.292,,
dodge,3.891,,
dodgy,2.654,,
doest,1.991,,
doggo,1.292,,
doggy,3.646,,
dogma,2.438,,
doily,2.496,,
doing,6.012,,
dolly,3.779,,
dolma,1.292,,
dolor,1.894,,
donga,1.292,,
donna,4.348,,
donor,3.612,,
donut,3.155,,
dooly,1.292,,
dooms,1.894,,
doozy,2.783,,
doper,2.246,,
dopey,3.155,,
dorky,2.999,,
doted,2.137,,
doter,1.292,,
dotty,3.055,,
doubt,4.798,,
dough,4.201,,
doula,1.292,,
douse,2.915,,
dowdy,2.406,,
dowel,1.894,,
dower,1.593,,
downy,2.634,,
dowry,3.173,,
dowse,1.769,,
doyen,1.593,,
dozed,2.915,,
dozen,4.382,,
dozer,2.593,,
draft,3.862,,
drain,3.936,,
drake,3.776,,
drama,4.304,,
drank,4.109,,
drape,3.024,,
drawl,1.991,,
drawn,4.027,,
dread,3.402,,
dream,5.124,,
drear,1.769,,
dregs,2.723,,
dress,4.940,,
dried,3.705,,
drier,2.654,,
drift,3.808,,
drill,4.138,,
drily,1.292,,
drink,5.393,,
drive,5.185,,
droit,1.894,,
droll,2.707,,
drone,3.453,,
drool,3.337,,
droop,2.547,,
dropt,1.292,,
dross,1.991,,
drove,4.460,,
drown,4.025,,
drugs,4.684,,
druid,2.547,,
drums,3.858,,
drunk,4.883,,
drupe,1.292,,
dryad,1.593,,
dryer,3.657,,
dryly,1.292,,
ducal,2.739,,
ducat,1.991,,
duchy,2.070,,
ducky,3.296,,
dulia,1.292,,
dully,1.769,,
dummy,3.992,,
dumpy,2.468,,
dunce,2.707,,
dungy,1.593,,
duper,2.894,,
duple,1.292,,
durra,1.292,,
durst,2.406,,
durum,1.292,,
dusky,2.634,,
dusty,3.745,,
duvet,2.406,,
dwarf,3.490,,
dweeb,2.754,,
dwell,3.447,,
dwelt,2.070,,
dying,4.825,,
eager,3.837,,
eagle,4.060,,
eared,1.593,,
early,5.033,,
earth,4.997,,
easel,2.468,,
easer,1.593,,
eaten,4.259,,
eater,3.200,,
eaves,2.070,,
ebony,2.945,,
ebook,1.292,,
ecard,1.292,,
edema,3.032,,
edged,2.333,,
edger,1.593,,
edict,2.522,,
edify,1.894,,
educe,1.292,,
eerie,3.246,,
egger,1.292,,
egret,1.769,,
eider,1.769,,
eight,4.992,,
eject,3.155,,
eking,1.991,,
eland,1.593,,
elate,1.292,,
elbow,3.789,,
elder,3.848,,
elect,3.155,,
elegy,1.894,,
elemi,1.292,,
elfin,2.246,,
elide,1.292,,
elite,3.474,,
elope,3.124,,
elude,2.634,,
elute,1.292,,
elves,3.545,,
email,3.321,,
embay,1.292,,
embed,1.991,,
ember,2.371,,
emcee,2.723,,
emend,1.769,,
emery,3.283,,
emmer,1.292,,
emote,1.894,,
empty,4.674,,
enact,2.292,,
ended,4.471,,
ender,1.292,,
endow,2.371,,
endue,1.292,,
enema,3.155,,
enemy,4.685,,
enjoy,4.917,,
ennui,2.593,,
ensue,2.333,,
enter,4.473,,
entry,4.085,,
envoi,1.292,,
envoy,2.945,,
eosin,1.593,,
epact,1.292,,
ephod,1.292,,
epoch,2.195,,
epode,1.292,,
epoxy,2.292,,
equal,4.126,,
equip,2.547,,
erase,3.794,,
erect,3.077,,
ergot,1.894,,
erode,2.137,,
error,3.968,,
eruct,1.292,,
erupt,2.614,,
esker,1.292,,
essay,3.789,,
ester,1.769,,
ether,3.329,,
ethic,3.024,,
ethno,1.292,,
ethos,2.195,,
ethyl,2.593,,
etude,1.292,,
eusol,1.292,,
evade,2.955,,
evens,2.739,,
event,4.421,,
every,5.739,,
evict,2.860,,
evoke,2.496,,
exact,4.354,,
exalt,2.333,,
excel,2.872,,
exert,2.836,,
exile,3.274,,
exist,4.462,,
expat,1.769,,
expel,3.143,,
extol,1.769,,
extra,4.772,,
exude,2.371,,
exult,1.292,,
exurb,1.292,,
eying,1.292,,
eyrir,1.292,,
fable,2.614,,
faced,3.798,,
facer,1.593,,
facet,2.438,,
faddy,1.292,,
faded,3.479,,
fader,1.769,,
faery,1.894,,
fagot,1.292,,
faint,3.968,,
fairy,4.222,,
faith,4.665,,
faker,3.241,,
fakir,1.991,,
false,4.325,,
famed,2.925,,
fancy,4.542,,
fanny,3.712,,
fanon,1.292,,
farad,1.593,,
farce,3.246,,
farer,1.292,,
fatal,3.852,,
fated,2.810,,
fatly,1.292,,
fatso,3.501,,
fatty,3.708,,
fatwa,2.292,,
faugh,1.292,,
fault,5.017,,
fauna,2.739,,
fauve,1.292,,
favor,4.849,,
feast,3.827,,
feaze,1.292,,
fecal,2.783,,
feces,2.883,,
feign,2.672,,
feint,2.672,,
felid,1.292,,
fella,4.524,,
felly,1.292,,
felon,3.402,,
femme,3.098,,
femur,3.063,,
fence,4.206,,
fenny,1.593,,
feoff,1.292,,
feral,2.292,,
feria,1.991,,
ferny,1.292,,
ferry,3.730,,
fetal,3.070,,
fetch,4.040,,
fetid,2.195,,
fetor,1.593,,
fetus,3.211,,
fever,4.300,,
fiber,3.488,,
fiche,1.593,,
fichu,1.292,,
fides,1.894,,
field,4.846,,
fiend,3.450,,
fiery,3.309,,
fifer,1.292,,
fifth,4.283,,
fifty,4.275,,
fight,5.303,,
filch,2.195,,
filer,1.593,,
filet,2.982,,
filly,3.077,,
filmy,1.991,,
filth,3.657,,
final,4.696,,
finch,3.606,,
finer,3.416,,
finis,2.195,,
finny,1.769,,
fiord,1.292,,
fired,4.792,,
firer,1.292,,
firry,1.292,,
first,5.924,,
firth,2.246,,
fishy,3.450,,
fitly,1.593,,
fiver,2.707,,
fives,3.124,,
fixed,4.509,,
fixer,2.860,,
fixit,1.292,,
fizzy,2.371,,
fjord,2.690,,
flack,3.040,,
flail,2.292,,
flair,3.360,,
flake,3.246,,
flaky,2.955,,
flame,3.956,,
flamy,1.292,,
flank,3.667,,
flare,3.626,,
flash,4.186,,
flask,3.055,,
flaxy,1.292,,
fleck,2.195,,
fleer,1.991,,
fleet,4.025,,
flesh,4.343,,
flews,1.292,,
flexi,1.292,,
flick,3.703,,
flier,3.333,,
fling,3.550,,
flint,3.640,,
flirt,3.595,,
float,3.874,,
flock,3.668,,
flood,3.757,,
floor,5.002,,
flora,3.353,,
floss,3.296,,
flour,3.501,,
flout,2.333,,
flown,3.659,,
fluey,1.593,,
fluff,3.155,,
fluid,3.952,,
fluke,3.246,,
fluky,1.292,,
flume,2.246,,
flump,1.292,,
flung,2.945,,
flunk,3.260,,
flush,3.972,,
flute,3.329,,
fluty,1.292,,
flyby,2.246,,
flyer,3.532,,
foamy,2.468,,
focal,2.769,,
focus,4.468,,
foehn,1.292,,
fogey,1.894,,
foggy,3.118,,
foist,2.246,,
folia,1.292,,
folic,2.195,,
folio,1.991,,
folks,4.881,,
folky,1.769,,
folly,3.167,,
foody,1.769,,
foots,2.246,,
footy,1.769,,
foray,2.654,,
force,4.849,,
fordo,2.137,,
forge,3.515,,
forgo,2.496,,
forte,2.783,,
forth,4.198,,
forty,4.024,,
forum,3.313,,
fossa,2.769,,
fosse,2.137,,
found,5.597,,
fount,1.991,,
fovea,1.593,,
foyer,2.955,,
frail,3.206,,
frame,4.149,,
franc,2.915,,
frank,5.202,,
fraud,4.002,,
frays,1.292,,
freak,4.565,,
freed,3.573,,
freer,2.571,,
fresh,4.736,,
friar,3.241,,
fried,4.007,,
frill,1.593,,
frisk,3.195,,
fritz,3.668,,
frizz,1.769,,
frock,2.935,,
frond,1.769,,
front,5.258,,
frosh,2.137,,
frost,3.683,,
froth,2.333,,
frown,3.313,,
froze,3.628,,
fruit,4.337,,
frump,2.195,,
fryer,2.823,,
fudge,3.561,,
fudgy,2.137,,
fugal,1.292,,
fuggy,1.292,,
fugle,1.593,,
fugue,2.739,,
fully,4.237,,
fumet,1.292,,
funds,3.821,,
fungi,2.292,,
funky,3.707,,
funny,5.338,,
furan,1.292,,
furor,2.137,,
furry,3.382,,
furze,1.593,,
furzy,1.292,,
fused,2.836,,
fusil,1.292,,
fussy,3.195,,
fusty,1.593,,
futon,2.836,,
fuzzy,3.766,,
gabby,3.236,,
gable,3.040,,
gaffe,1.769,,
gaily,2.593,,
gains,3.184,,
galah,1.292,,
gamer,2.137,,
gamey,1.894,,
gamin,1.769,,
gamma,3.547,,
gammy,2.522,,
gamut,2.438,,
ganja,2.468,,
gaper,1.593,,
gapes,1.593,,
garth,3.512,,
gassy,2.654,,
gated,2.438,,
gator,3.559,,
gaudy,2.634,,
gauge,3.345,,
gaunt,2.246,,
gauss,2.438,,
gauze,3.161,,
gauzy,1.593,,
gavel,2.894,,
gawky,2.468,,
gazer,1.894,,
gecko,2.593,,
geeky,2.690,,
gelid,1.292,,
gemmy,1.292,,
genet,1.769,,
genie,3.545,,
genii,1.593,,
genre,3.032,,
gents,3.471,,
genus,2.496,,
geode,1.894,,
geoid,1.292,,
germs,3.482,,
germy,1.894,,
gesso,1.292,,
getup,2.935,,
ghazi,1.593,,
ghost,4.563,,
ghoul,3.016,,
giant,4.432,,
giber,1.292,,
giddy,3.256,,
gigot,1.292,,
gilet,1.292,,
gills,3.084,,
gimpy,2.593,,
gipsy,2.246,,
girly,3.131,,
girth,2.654,,
given,4.978,,
giver,3.070,,
gizmo,3.216,,
glace,2.070,,
glade,2.614,,
glair,1.593,,
gland,3.184,,
glare,3.211,,
glary,1.593,,
glass,4.783,,
glaze,2.955,,
glazy,1.292,,
gleam,2.999,,
glean,1.769,,
glebe,1.292,,
gleet,1.894,,
glial,1.292,,
glide,3.375,,
glint,2.522,,
glitz,2.137,,
gloat,3.200,,
globe,3.718,,
gloom,3.070,,
glory,4.332,,
gloss,3.167,,
glove,4.004,,
gloze,1.292,,
glued,3.356,,
gluer,1.292,,
gluey,1.894,,
gluon,1.894,,
glyph,2.070,,
gnarl,1.292,,
gnash,2.070,,
gnome,2.810,,
godly,2.496,,
gofer,2.522,,
going,6.326,,
golem,2.468,,
golly,3.713,,
gomer,2.614,,
gonad,2.371,,
goner,3.189,,
gonna,6.300,,
gonzo,3.296,,
goods,4.090,,
goody,3.552,,
gooey,2.894,,
goofy,3.718,,
goopy,2.070,,
goose,4.115,,
goosy,1.769,,
goral,1.292,,
gorge,3.124,,
gorse,2.070,,
gorsy,1.292,,
gouda,2.468,,
gouge,2.848,,
gourd,2.690,,
gouty,1.593,,
goyim,2.246,,
grace,4.626,,
grade,4.466,,
graft,3.221,,
grail,3.432,,
grain,3.679,,
grand,4.799,,
grant,4.512,,
grape,3.604,,
graph,2.883,,
grapy,1.292,,
grasp,3.661,,
grass,4.225,,
grate,3.016,,
grave,4.419,,
gravy,3.723,,
graze,2.894,,
great,5.914,,
grebe,1.292,,
greed,3.683,,
green,4.860,,
greet,3.722,,
grief,4.035,,
grill,3.650,,
grime,2.634,,
grimy,2.723,,
grind,3.573,,
griot,1.292,,
gripe,2.905,,
grist,2.070,,
grits,3.206,,
groan,2.973,,
groin,3.260,,
groom,3.894,,
grope,2.797,,
gross,4.184,,
grosz,1.292,,
group,4.867,,
grout,2.593,,
grove,3.588,,
growl,2.999,,
grown,4.398,,
grubs,2.672,,
gruel,2.672,,
gruff,2.754,,
grump,2.547,,
grunt,3.349,,
guano,2.614,,
guard,4.764,,
guava,2.438,,
guess,5.656,,
guest,4.601,,
guide,4.251,,
guild,3.309,,
guile,3.016,,
guilt,4.173,,
guise,2.754,,
gulag,2.654,,
gulch,2.860,,
gules,1.593,,
gully,2.973,,
gumbo,2.955,,
gummy,2.883,,
gunge,1.292,,
gunny,2.810,,
guppy,2.571,,
gushy,2.195,,
gussy,2.137,,
gusto,2.964,,
gusty,2.070,,
gutsy,2.836,,
gutty,1.894,,
gyppo,1.292,,
gypsy,3.822,,
habit,4.160,,
hacky,2.468,,
hafiz,1.991,,
haggy,1.292,,
haiku,2.690,,
hairy,3.801,,
hakim,2.848,,
halal,1.292,,
haler,1.593,,
hallo,3.149,,
halve,2.195,,
hammy,2.836,,
handy,4.087,,
hanky,2.925,,
haply,2.070,,
happy,5.522,,
haram,1.292,,
hardy,3.568,,
harem,2.955,,
harpy,2.836,,
harry,4.914,,
harsh,3.852,,
haste,3.321,,
hasty,3.547,,
hatch,4.108,,
hater,2.810,,
haulm,1.292,,
haunt,3.554,,
haven,5.567,,
havoc,3.137,,
hawse,1.292,,
hazel,3.040,,
hazer,1.292,,
heads,4.630,,
heady,2.614,,
heaps,2.723,,
heart,5.387,,
heath,3.274,,
heave,3.564,,
heavy,4.674,,
hedge,3.195,,
hedgy,1.292,,
hefty,3.091,,
heist,3.499,,
helix,2.614,,
hello,5.767,,
helot,1.292,,
helve,1.292,,
hence,3.686,,
henna,2.371,,
herbs,3.444,,
herby,2.195,,
heron,2.468,,
hertz,2.810,,
hewer,1.292,,
hided,1.292,,
hider,1.292,,
hijab,1.292,,
hiker,2.468,,
hilly,3.091,,
hilum,2.137,,
hindu,3.016,,
hinge,2.769,,
hinny,1.292,,
hippo,3.155,,
hippy,2.973,,
hired,4.518,,
hirer,1.292,,
hissy,2.571,,
hitch,3.612,,
hiver,1.894,,
hives,3.105,,
hoard,2.672,,
hoary,1.593,,
hobby,3.842,,
hocus,2.593,,
hoist,3.317,,
hokey,2.783,,
hokum,1.991,,
holey,2.137,,
holly,4.031,,
homer,3.825,,
homey,3.527,,
honey,5.477,,
honky,3.211,,
honor,4.983,,
hooch,3.024,,
hoody,1.292,,
hooey,2.935,,
hoofs,2.406,,
hooky,2.935,,
hoped,4.211,,
hoper,1.769,,
hoppy,2.723,,
horal,1.292,,
horde,3.063,,
horny,3.924,,
horse,4.967,,
horst,2.690,,
horsy,2.593,,
hosed,2.571,,
hotel,5.013,,
hotly,2.137,,
hound,3.703,,
house,5.710,,
hovel,2.707,,
hover,3.070,,
howdy,4.115,,
hubby,3.008,,
huffy,2.614,,
hulky,1.292,,
human,5.096,,
humid,2.955,,
humor,4.221,,
humph,2.593,,
humpy,1.894,,
humus,1.894,,
hunch,3.876,,
hunks,2.571,,
hunky,2.925,,
hurdy,1.292,,
hurly,2.438,,
hurry,5.239,,
husky,3.206,,
hussy,3.098,,
hutch,3.559,,
huzza,1.593,,
hydra,2.672,,
hydro,2.438,,
hyena,3.155,,
hymen,2.707,,
hyoid,2.137,,
hyper,2.955,,
hypha,1.292,,
hyrax,1.769,,
hyson,1.292,,
iambi,1.292,,
icily,1.593,,
icing,3.149,,
ictus,1.292,,
ideal,3.866,,
idiom,2.406,,
idiot,4.820,,
idler,2.195,,
idyll,1.769,,
igloo,2.496,,
ihram,1.593,,
ileac,1.292,,
ileum,2.371,,
iliac,2.137,,
ilium,2.246,,
image,4.354,,
imago,1.292,,
imbed,1.769,,
imbue,2.070,,
immix,1.292,,
impel,1.894,,
imply,3.432,,
inane,2.654,,
inapt,1.292,,
inbox,2.070,,
incur,2.754,,
incus,1.593,,
index,3.321,,
indie,2.690,,
indri,1.292,,
inept,2.935,,
inert,2.571,,
infer,2.769,,
infix,1.292,,
infra,1.769,,
ingle,1.769,,
ingot,1.769,,
inker,1.769,,
inkle,1.292,,
inlay,2.438,,
inlet,2.672,,
inner,3.998,,
input,3.477,,
inset,1.593,,
inter,2.571,,
intoe,1.292,,
intro,3.305,,
inure,1.593,,
inurn,1.292,,
invar,1.292,,
iodic,1.292,,
ionic,2.246,,
irate,2.797,,
irony,3.661,,
islam,2.195,,
islet,1.292,,
issue,4.533,,
istle,1.292,,
itchy,3.360,,
ivied,1.292,,
ivory,3.149,,
izard,1.292,,
jabot,1.292,,
jaded,2.905,,
jaggy,1.292,,
jakes,2.070,,
jalap,1.292,,
japan,4.191,,
japer,1.292,,
jaunt,2.593,,
jawed,2.070,,
jazzy,2.707,,
jeans,3.821,,
jelly,3.853,,
jenny,4.313,,
jerky,3.360,,
jerry,4.793,,
jetty,2.438,,
jewel,3.860,,
jiffy,3.200,,
jihad,2.894,,
jimmy,4.904,,
jingo,1.991,,
jinks,2.468,,
jinni,2.246,,
jocko,2.672,,
joint,4.440,,
joist,1.894,,
joker,3.661,,
jokey,1.991,,
jolly,3.875,,
jolty,1.593,,
jorum,1.292,,
joule,1.593,,
joust,3.063,,
jowly,1.593,,
judge,4.901,,
juice,4.429,,
juicy,3.634,,
julep,2.571,,
jumbo,3.453,,
jumpy,3.493,,
junco,2.496,,
junky,2.672,,
junta,2.634,,
jupon,1.292,,
juror,3.412,,
kabob,1.991,,
kanga,2.195,,
kanji,2.070,,
kapok,1.769,,
kappa,3.024,,
kaput,3.008,,
karat,2.246,,
karma,3.540,,
karri,1.292,,
kasha,1.991,,
kauri,1.292,,
kayak,2.723,,
kazoo,2.797,,
kebab,2.797,,
kedge,1.292,,
keeve,1.292,,
kefir,1.292,,
kempt,1.292,,
kendo,2.593,,
ketch,2.246,,
kevel,1.292,,
keyed,2.894,,
khaki,2.925,,
kiang,2.246,,
kicky,1.292,,
kiddo,3.928,,
kiddy,2.571,,
kinky,3.477,,
kiosk,2.672,,
kissy,2.614,,
kitty,4.426,,
kluge,1.292,,
klutz,2.973,,
knack,3.399,,
knave,2.593,,
knead,2.292,,
kneed,2.406,,
kneel,3.728,,
knell,2.468,,
knelt,2.593,,
knick,2.614,,
knife,4.670,,
knish,2.522,,
knock,4.810,,
knoll,2.739,,
knout,1.292,,
known,5.091,,
knurl,1.292,,
koala,2.797,,
kodak,2.723,,
kokum,1.292,,
kooky,2.848,,
kopek,1.292,,
kopje,1.292,,
korma,1.894,,
kraal,1.593,,
krait,1.292,,
kraut,3.195,,
krill,2.246,,
krone,1.593,,
kudos,2.945,,
kudzu,2.070,,
kukri,1.292,,
kulak,1.292,,
kunai,1.292,,
kvass,1.292,,
label,3.838,,
labia,2.468,,
labor,4.086,,
laced,3.048,,
lacer,1.292,,
lacey,3.389,,
lacto,1.292,,
laden,3.216,,
ladle,2.883,,
lagan,1.292,,
lager,2.707,,
laird,3.077,,
laity,1.292,,
lamia,2.246,,
lance,4.036,,
lanky,2.654,,
lapel,2.707,,
lapin,1.292,,
lapse,3.143,,
larch,2.195,,
lardy,1.292,,
large,4.617,,
largo,3.032,,
larky,1.292,,
larva,2.438,,
laser,3.929,,
lasso,2.955,,
latch,3.287,,
later,5.465,,
latex,3.167,,
lathe,2.522,,
lathy,1.292,,
latke,1.769,,
latte,3.385,,
laugh,4.798,,
laver,1.894,,
lawny,1.292,,
laxly,1.292,,
layer,3.571,,
layup,2.246,,
lazar,2.547,,
leach,2.883,,
leady,1.292,,
leafy,2.690,,
leaky,3.048,,
leant,1.769,,
leapt,2.955,,
learn,5.073,,
leary,3.256,,
lease,3.798,,
leash,3.634,,
least,5.317,,
leave,5.748,,
ledge,3.547,,
leech,3.246,,
leery,3.504,,
lefty,3.493,,
legal,4.552,,
leggy,2.333,,
legit,3.429,,
leman,1.292,,
lemma,1.593,,
lemon,4.080,,
lemur,2.292,,
lenis,1.292,,
lento,1.769,,
leper,3.098,,
letch,2.333,,
letup,1.593,,
levee,2.723,,
level,4.712,,
lever,3.507,,
levis,2.195,,
lexis,2.137,,
liana,2.137,,
libel,3.048,,
licit,1.292,,
liege,3.055,,
lifer,2.769,,
liger,1.769,,
light,5.217,,
liken,1.894,,
liker,1.292,,
lilac,2.894,,
lilly,3.670,,
limbo,3.378,,
limes,2.754,,
limey,2.883,,
limit,4.115,,
lindy,2.883,,
lined,3.812,,
linen,3.468,,
liner,3.091,,
lingo,3.070,,
links,3.444,,
linty,1.769,,
lipid,1.894,,
lippy,1.894,,
lisle,2.246,,
liter,3.246,,
lithe,1.769,,
litho,1.593,,
lived,4.819,,
liven,2.964,,
liver,4.155,,
livid,2.654,,
llama,3.155,,
llano,1.894,,
loach,2.754,,
loamy,1.292,,
loath,2.070,,
lobar,1.593,,
lobby,4.103,,
lobed,1.292,,
local,4.620,,
locum,2.195,,
locus,2.547,,
loden,1.593,,
lodge,3.826,,
loess,1.292,,
lofty,2.905,,
logia,1.292,,
logic,3.827,,
login,2.137,,
logon,1.769,,
logos,2.547,,
lolly,2.371,,
loner,3.493,,
longs,2.999,,
looks,5.493,,
loony,3.385,,
loopy,2.823,,
loose,4.621,,
loran,1.769,,
lorry,3.084,,
loser,4.432,,
lotto,3.226,,
lotus,3.313,,
lough,1.593,,
loupe,1.769,,
louse,3.231,,
lousy,4.375,,
lover,4.425,,
lower,4.444,,
lowly,3.236,,
loyal,4.079,,
lucid,3.111,,
lucky,5.156,,
lucre,2.137,,
ludic,1.292,,
luger,3.024,,
lumen,1.894,,
lumpy,3.246,,
lunar,3.317,,
lunch,5.017,,
lunge,2.690,,
lupus,3.241,,
lurch,2.935,,
lurid,2.823,,
lusty,2.797,,
lycra,1.292,,
lying,4.942,,
lymph,2.468,,
lynch,3.703,,
lyric,3.048,,
lytic,1.593,,
macaw,2.406,,
macho,3.575,,
macro,2.754,,
madam,4.643,,
madly,3.485,,
mafia,3.670,,
mafic,1.292,,
magic,4.721,,
magma,2.571,,
magna,2.797,,
magus,2.137,,
mains,2.406,,
maize,2.292,,
major,5.020,,
maker,3.693,,
malar,1.769,,
malty,1.292,,
mamba,2.547,,
mambo,3.406,,
mamma,3.482,,
mammy,3.371,,
manes,1.769,,
manga,2.333,,
mange,2.371,,
mango,3.221,,
mangy,3.206,,
mania,3.016,,
manic,3.143,,
manly,3.608,,
manna,2.672,,
manor,3.535,,
manse,1.769,,
manta,2.496,,
manus,1.769,,
maple,3.512,,
march,4.380,,
marge,3.646,,
marry,5.018,,
marsh,3.547,,
maser,2.438,,
mason,4.143,,
masse,2.438,,
massy,1.292,,
match,4.694,,
mater,3.216,,
matey,3.084,,
matte,2.468,,
matzo,2.991,,
mauve,2.739,,
maven,2.070,,
maxim,3.111,,
maybe,5.966,,
mayor,4.495,,
mealy,2.246,,
means,5.339,,
meant,5.018,,
meaty,2.571,,
medal,4.063,,
media,4.348,,
medic,3.757,,
melee,2.468,,
melon,3.632,,
mends,2.137,,
mensa,2.496,,
mercy,4.403,,
merge,3.149,,
merit,3.532,,
merle,2.860,,
merry,4.592,,
meson,1.769,,
messy,3.837,,
metal,4.289,,
meter,3.794,,
metro,3.657,,
mezzo,1.894,,
miaow,1.894,,
micro,2.769,,
middy,1.894,,
midge,3.309,,
midst,3.537,,
might,5.712,,
milch,1.593,,
miler,1.769,,
miles,4.945,,
milky,3.274,,
mille,2.848,,
mimeo,1.991,,
mimic,2.905,,
mince,2.739,,
miner,3.167,,
mines,3.793,,
mingy,1.292,,
minim,1.769,,
minor,4.108,,
minty,2.707,,
minus,3.896,,
mirin,1.292,,
mirth,2.371,,
miser,2.707,,
missy,3.909,,
misty,3.200,,
miter,2.707,,
mixed,4.330,,
mixer,3.040,,
mocha,3.118,,
modal,1.292,,
model,4.506,,
modem,3.040,,
moggy,1.292,,
mogul,2.973,,
moist,3.260,,
molar,2.723,,
moldy,2.783,,
molly,4.238,,
molto,2.999,,
momma,3.908,,
mommy,4.850,,
monad,1.292,,
money,5.806,,
mongo,2.883,,
month,4.978,,
mooch,2.955,,
moody,3.356,,
moony,1.769,,
moors,3.055,,
moose,3.744,,
moped,2.672,,
moral,4.131,,
moray,2.672,,
morel,1.593,,
mores,2.925,,
moron,4.170,,
morph,2.883,,
morro,1.292,,
mosey,2.860,,
mossy,1.769,,
motel,4.259,,
motet,1.593,,
motif,2.823,,
motor,4.119,,
motto,3.708,,
mould,2.872,,
mound,3.184,,
mount,4.069,,
mourn,3.406,,
mouse,4.281,,
mousy,2.925,,
mouth,5.018,,
mover,2.672,,
movie,5.089,,
mower,3.173,,
moxie,2.872,,
mucky,2.292,,
mucus,2.783,,
muddy,3.479,,
mudra,1.593,,
mufti,1.292,,
muggy,2.070,,
mulch,2.654,,
mulct,1.292,,
muley,2.292,,
multi,1.991,,
mumbo,3.070,,
mummy,3.992,,
mumps,3.077,,
mumsy,2.406,,
munch,2.935,,
mural,3.016,,
murex,1.292,,
murky,2.797,,
mused,1.991,,
mushy,3.184,,
music,5.180,,
musky,2.195,,
musty,2.707,,
muted,2.614,,
muter,1.292,,
muzzy,1.894,,
mynah,2.614,,
myrrh,2.438,,
nabob,1.593,,
nacho,3.124,,
nacre,1.292,,
nadir,2.496,,
naggy,1.593,,
naiad,1.769,,
naira,1.593,,
naive,3.810,,
naked,4.594,,
nanny,4.018,,
nappy,2.905,,
nasal,3.321,,
nasty,4.353,,
natal,2.070,,
natty,2.406,,
naval,3.759,,
navel,3.098,,
navvy,1.292,,
needs,5.206,,
needy,3.485,,
negro,3.731,,
neigh,2.406,,
nerdy,2.690,,
nerve,4.361,,
nervy,2.246,,
never,6.134,,
nevus,1.593,,
newel,1.894,,
newly,3.441,,
newsy,1.769,,
nexus,3.055,,
niche,2.973,,
niece,3.979,,
niffy,1.292,,
nifle,1.292,,
nifty,3.149,,
night,5.937,,
nimbi,1.292,,
ninja,3.412,,
ninny,2.955,,
ninth,3.817,,
nippy,2.982,,
nisus,1.292,,
niter,1.292,,
nitro,3.236,,
nixie,1.292,,
noble,4.164,,
nobly,2.654,,
nodal,1.593,,
noise,4.542,,
noisy,3.703,,
nomad,2.739,,
nonce,1.894,,
noose,3.341,,
north,4.805,,
nosed,1.894,,
nosey,2.823,,
notch,3.525,,
noted,3.683,,
novel,4.003,,
nubby,1.593,,
nudge,3.055,,
nudie,2.991,,
numen,1.292,,
nurse,4.653,,
nutty,3.554,,
nylon,3.137,,
nymph,2.883,,
oaken,1.769,,
oakum,1.991,,
oared,1.292,,
oases,1.292,,
oasis,3.287,,
oaten,1.292,,
obeah,2.292,,
obese,2.707,,
occur,3.872,,
ocean,4.481,,
ocher,1.292,,
ochre,1.292,,
octal,1.292,,
octet,1.593,,
oddly,3.317,,
odium,1.292,,
offal,2.292,,
offer,4.873,,
often,4.758,,
oiled,2.769,,
oiler,2.137,,
okapi,1.292,,
olden,3.032,,
older,4.621,,
oldie,2.672,,
oleic,2.438,,
olive,3.867,,
ology,1.991,,
omega,3.178,,
onion,3.628,,
onset,2.935,,
ontic,1.292,,
oomph,2.823,,
opera,4.233,,
opine,2.137,,
opium,3.353,,
optic,3.016,,
orate,1.769,,
orbed,2.672,,
orbit,3.753,,
order,5.194,,
organ,3.861,,
oriel,1.292,,
ormer,1.593,,
orris,1.593,,
osier,1.292,,
osmic,1.292,,
other,5.866,,
otter,3.137,,
ought,4.907,,
ouija,2.614,,
ounce,3.608,,
outdo,2.723,,
outer,3.958,,
outgo,1.593,,
ouzel,1.292,,
ovary,2.723,,
ovate,1.292,,
overt,2.468,,
ovine,1.292,,
ovoid,1.769,,
ovule,1.292,,
owing,3.098,,
owler,1.292,,
owlet,1.593,,
owner,4.366,,
oxbow,1.769,,
oxeye,1.292,,
oxide,3.084,,
oxlip,1.292,,
ozone,3.333,,
paced,2.468,,
pacer,2.438,,
paddy,3.422,,
padre,3.626,,
paean,1.894,,
pagan,3.137,,
pager,3.462,,
pains,3.723,,
paint,4.566,,
paisa,1.292,,
paled,1.894,,
paler,2.438,,
pales,2.371,,
pally,2.964,,
palmy,1.769,,
palsy,2.739,,
pampa,1.292,,
panda,3.329,,
paned,1.292,,
panel,3.864,,
panic,4.339,,
pansy,3.292,,
pants,4.769,,
panty,3.024,,
papal,2.739,,
papaw,1.991,,
paper,5.014,,
pappy,3.471,,
parch,1.769,,
parka,2.797,,
parry,3.184,,
parse,2.137,,
party,5.367,,
paseo,1.894,,
pasha,2.739,,
passe,2.468,,
pasta,3.628,,
paste,3.236,,
pasty,2.797,,
patch,4.241,,
paten,1.292,,
patio,3.419,,
patsy,3.568,,
patty,4.044,,
pause,3.733,,
paver,1.593,,
pawky,1.292,,
payee,1.292,,
payer,2.246,,
peace,4.842,,
peach,3.804,,
peaky,1.769,,
pearl,4.195,,
peaty,1.593,,
pecan,2.982,,
pedal,3.313,,
peeve,2.292,,
pekoe,1.593,,
penal,3.118,,
pence,2.823,,
penis,4.128,,
penny,4.385,,
peony,1.769,,
peppy,2.823,,
perch,2.999,,
peril,3.287,,
perky,3.226,,
pesky,3.016,,
pesto,2.707,,
petal,2.955,,
peter,4.954,,
petit,2.999,,
petty,3.934,,
pewee,1.292,,
pewit,1.292,,
phage,1.593,,
phase,4.091,,
phial,1.894,,
phish,1.292,,
phlox,2.707,,
phone,5.430,,
phony,3.917,,
photo,4.359,,
phyla,1.593,,
piano,4.395,,
picky,3.341,,
picot,1.292,,
piece,5.095,,
pieta,1.769,,
piety,2.769,,
piggy,3.646,,
pigmy,1.991,,
piker,2.333,,
pilaf,2.333,,
piled,3.178,,
piles,3.256,,
pilot,4.426,,
pinch,3.787,,
pined,2.070,,
piney,2.246,,
pinky,3.744,,
pinna,1.292,,
pinny,1.292,,
pinot,2.810,,
pinta,2.333,,
pinto,2.935,,
pinup,2.754,,
pious,2.982,,
pipal,1.894,,
piped,2.438,,
piper,4.484,,
pipit,1.292,,
pique,2.438,,
pitch,4.191,,
pithy,2.614,,
piton,2.137,,
pitta,1.292,,
pivot,2.672,,
pixel,2.195,,
pixie,2.925,,
pizza,4.525,,
place,5.779,,
plage,1.292,,
plaid,3.211,,
plain,4.339,,
plait,2.754,,
plane,4.980,,
plank,3.313,,
plant,4.441,,
plash,2.070,,
plasm,1.769,,
plate,4.409,,
platy,1.292,,
playa,2.654,,
plaza,3.772,,
plead,3.846,,
pleat,1.894,,
plebe,2.754,,
plebs,1.593,,
plink,2.496,,
pluck,3.367,,
plumb,3.231,,
plume,2.690,,
plump,3.173,,
plumy,1.292,,
plunk,2.195,,
plush,2.754,,
poach,2.547,,
pocus,2.571,,
podge,1.894,,
podgy,2.137,,
poesy,1.292,,
point,5.373,,
poise,3.048,,
poked,3.124,,
poker,4.206,,
pokey,2.999,,
polar,3.425,,
polio,2.955,,
polis,1.292,,
polka,3.389,,
polyp,2.438,,
ponce,2.707,,
pooch,3.118,,
poppa,2.955,,
poppy,3.599,,
porch,3.984,,
pored,1.894,,
porgy,2.137,,
porky,2.783,,
porno,3.655,,
poser,2.547,,
posit,2.137,,
posse,3.638,,
potty,3.231,,
pouch,3.236,,
poufy,1.292,,
pound,4.142,,
pouty,2.769,,
power,5.173,,
prang,1.292,,
prank,3.604,,
prate,1.769,,
prawn,2.723,,
preen,1.894,,
press,4.779,,
price,4.727,,
prick,4.150,,
pricy,1.991,,
pride,4.442,,
pried,2.547,,
prier,1.292,,
prima,3.265,,
prime,4.262,,
primp,2.137,,
prink,1.292,,
print,4.300,,
prion,1.292,,
prior,3.918,,
prism,2.915,,
privy,3.178,,
prize,4.350,,
probe,3.646,,
proem,1.292,,
prole,1.769,,
promo,2.860,,
prone,3.260,,
prong,2.496,,
proof,4.536,,
props,3.477,,
prose,2.982,,
prosy,1.593,,
proto,1.894,,
proud,4.922,,
prove,4.847,,
prowl,3.118,,
proxy,2.964,,
prude,3.143,,
prune,3.173,,
psalm,2.723,,
pshaw,2.070,,
psych,3.830,,
pubes,2.723,,
pubic,3.077,,
pubis,2.438,,
pudge,2.246,,
pudgy,2.810,,
puffy,3.231,,
pulpy,1.894,,
pulse,4.371,,
punch,4.472,,
pupil,3.499,,
puppy,4.059,,
puree,2.292,,
purer,2.522,,
purge,3.211,,
purse,4.296,,
pursy,1.292,,
pushy,3.378,,
pussy,4.409,,
putto,1.292,,
putty,3.265,,
pygmy,2.823,,
pylon,2.739,,
quack,3.667,,
quaff,1.991,,
quail,3.131,,
quake,3.211,,
quaky,1.292,,
quale,2.246,,
qualm,1.769,,
quant,1.894,,
quark,2.991,,
quart,3.321,,
quash,2.371,,
quasi,2.690,,
quean,1.292,,
queen,4.737,,
queer,3.765,,
quell,2.547,,
quern,1.292,,
query,2.769,,
quest,3.808,,
queue,3.077,,
quick,5.036,,
quiet,5.068,,
quiff,1.894,,
quill,3.438,,
quilt,2.894,,
quint,2.707,,
quire,1.593,,
quirk,2.614,,
quirt,2.955,,
quite,5.306,,
quits,3.378,,
quoin,1.292,,
quoit,1.593,,
quota,3.274,,
quote,3.981,,
rabbi,3.827,,
rabid,3.143,,
racer,3.422,,
radar,4.550,,
radii,1.593,,
radio,4.887,,
radix,1.593,,
radon,1.991,,
rainy,3.582,,
raise,4.741,,
rajah,2.614,,
rally,3.859,,
ramie,1.292,,
ranch,4.244,,
randy,4.050,,
range,4.357,,
rangy,1.292,,
rants,2.333,,
rapid,3.642,,
raspy,2.246,,
rated,3.161,,
rater,1.292,,
ratio,3.509,,
ratty,2.860,,
ravel,2.634,,
raven,3.496,,
rayed,1.292,,
rayon,2.522,,
razor,3.838,,
reach,4.755,,
react,3.878,,
ready,5.588,,
realm,3.670,,
rearm,2.246,,
rebar,1.593,,
rebel,3.730,,
rebid,1.292,,
rebus,1.292,,
rebut,2.246,,
recap,2.945,,
recon,3.468,,
recta,1.292,,
recto,1.292,,
recur,1.769,,
redly,1.593,,
redox,1.292,,
redub,1.292,,
reedy,2.195,,
reeve,2.438,,
refer,3.866,,
refit,2.406,,
regal,3.063,,
rehab,3.813,,
reify,1.292,,
reign,3.496,,
reiki,1.292,,
reins,3.167,,
relax,4.985,,
relay,3.477,,
relic,3.131,,
remap,1.292,,
remit,2.195,,
remix,2.522,,
renal,3.206,,
renew,3.341,,
renin,1.593,,
repay,3.717,,
repel,2.836,,
reply,3.683,,
repot,1.894,,
repro,1.593,,
rerun,2.973,,
reset,3.509,,
resin,2.783,,
resit,1.292,,
retag,1.292,,
retch,2.496,,
retie,1.593,,
retro,3.173,,
retry,2.070,,
reuse,2.137,,
revel,2.915,,
revue,2.872,,
rewet,1.292,,
rheum,1.991,,
rhino,3.321,,
rhomb,1.292,,
rhyme,3.646,,
riant,1.292,,
ricer,1.292,,
ricin,2.496,,
rider,3.887,,
ridge,3.851,,
rifle,4.163,,
right,6.602,,
rigid,3.274,,
rigor,2.945,,
riley,3.751,,
rinse,3.375,,
ripen,2.468,,
riper,1.894,,
risen,3.195,,
riser,2.571,,
rishi,1.292,,
risky,3.887,,
ritzy,2.593,,
rival,3.580,,
river,4.744,,
rivet,2.547,,
riyal,1.292,,
roach,3.425,,
roast,3.991,,
robin,4.397,,
robot,4.086,,
rocky,4.199,,
rodeo,3.745,,
roger,4.697,,
rogue,3.573,,
roily,1.292,,
rolex,1.292,,
roman,4.020,,
rondo,2.246,,
rooky,1.991,,
rooms,4.415,,
roomy,2.614,,
roost,2.955,,
roper,3.265,,
ropes,3.775,,
ropey,1.593,,
rosin,2.333,,
rotor,2.690,,
rouge,3.512,,
rough,4.572,,
round,4.823,,
rouse,2.973,,
roust,2.634,,
route,4.329,,
rover,3.525,,
rowan,3.231,,
rowdy,3.016,,
rowed,2.468,,
rowel,1.894,,
rowen,1.292,,
rower,1.593,,
royal,4.366,,
ruble,1.894,,
ruche,1.292,,
ruddy,2.860,,
rugby,2.945,,
ruing,1.769,,
ruler,3.504,,
rumba,3.084,,
rumen,1.593,,
rummy,3.167,,
rumor,4.018,,
runic,1.769,,
runny,3.111,,
runty,2.195,,
rupee,1.769,,
rural,3.070,,
rushy,1.292,,
rusty,4.110,,
rutty,1.292,,
saber,2.915,,
sable,2.925,,
sabot,1.292,,
sabra,2.571,,
sabre,2.292,,
sacra,1.292,,
sadhu,1.593,,
sadly,3.674,,
saggy,2.769,,
sahib,3.105,,
saint,4.253,,
salad,4.231,,
sales,4.104,,
sally,4.423,,
salon,3.663,,
salsa,3.333,,
salty,3.399,,
salve,2.769,,
salvo,2.593,,
samba,2.769,,
sambo,2.614,,
samey,1.292,,
sandy,4.366,,
sapid,1.292,,
sappy,2.935,,
saran,2.964,,
sarge,4.127,,
sassy,3.509,,
satay,2.137,,
satin,3.419,,
satyr,2.769,,
sauce,4.193,,
saucy,3.091,,
sault,1.593,,
sauna,3.137,,
saved,4.843,,
saver,2.797,,
savor,2.982,,
savvy,3.032,,
sawed,2.754,,
scads,2.406,,
scald,2.468,,
scale,3.978,,
scalp,3.568,,
scaly,2.522,,
scamp,3.251,,
scant,2.406,,
scape,2.292,,
scare,4.526,,
scarf,3.672,,
scarp,1.292,,
scary,4.418,,
scend,1.292,,
scene,4.873,,
scent,3.776,,
schwa,1.593,,
scion,2.406,,
scoff,2.634,,
scold,3.124,,
scone,2.707,,
scoop,3.754,,
scoot,3.477,,
scope,3.750,,
score,4.483,,
scorn,3.070,,
scour,2.797,,
scout,4.110,,
scowl,2.723,,
scrag,1.769,,
scram,3.547,,
scrap,3.642,,
scree,1.769,,
screw,4.574,,
scrim,1.292,,
scrip,2.860,,
scrod,1.894,,
scrub,3.796,,
scrum,2.070,,
scuba,3.189,,
scuff,2.672,,
scull,1.894,,
scurf,1.593,,
scute,1.292,,
seamy,2.137,,
sebum,1.292,,
sedan,3.251,,
sedge,2.137,,
sedgy,1.292,,
sedum,1.292,,
seedy,2.872,,
segue,2.723,,
seine,2.797,,
seism,1.292,,
seize,3.685,,
semen,3.597,,
semis,2.333,,
senor,3.763,,
sense,5.119,,
sepal,1.292,,
sepia,1.894,,
sepoy,1.769,,
septa,1.292,,
serer,1.292,,
serge,3.216,,
serif,1.593,,
serum,3.575,,
serve,4.579,,
servo,1.894,,
setae,1.292,,
setup,3.936,,
seven,5.018,,
sever,3.200,,
sewed,3.236,,
sewer,3.674,,
sexed,2.137,,
shack,3.753,,
shade,3.776,,
shady,3.375,,
shaft,3.887,,
shake,4.598,,
shako,1.292,,
shaky,3.474,,
shale,2.292,,
shall,5.267,,
shame,4.618,,
shank,3.137,,
shape,4.480,,
shard,2.872,,
share,4.842,,
shark,4.175,,
sharp,4.376,,
shave,4.139,,
shawl,3.143,,
sheaf,1.769,,
shear,2.634,,
sheen,2.982,,
sheep,4.128,,
sheer,3.661,,
sheet,4.065,,
sheik,3.184,,
shelf,3.843,,
shell,4.121,,
shied,2.496,,
shier,1.593,,
shies,1.769,,
shift,4.358,,
shill,2.468,,
shine,4.315,,
shiny,3.893,,
shire,2.945,,
shirk,2.438,,
shirr,1.292,,
shirt,4.666,,
shish,2.690,,
shoal,2.333,,
shoat,1.593,,
shock,4.459,,
shoji,2.593,,
shone,2.783,,
shook,3.775,,
shoot,5.217,,
shore,4.298,,
shorn,2.438,,
short,4.932,,
shout,4.216,,
shove,4.121,,
shown,4.152,,
showy,2.496,,
shred,3.471,,
shrew,2.925,,
shrub,2.468,,
shrug,2.614,,
shuck,2.438,,
shunt,2.982,,
shush,3.425,,
shyer,1.991,,
shyly,2.246,,
sibyl,1.991,,
sided,2.333,,
sides,4.210,,
sidle,3.032,,
siege,3.367,,
sieve,2.739,,
sight,4.656,,
sigil,1.593,,
sigma,2.883,,
silky,2.905,,
silly,4.756,,
since,5.498,,
sinew,2.195,,
singe,2.438,,
sinus,3.246,,
siren,3.817,,
sisal,1.769,,
sissy,3.864,,
sitar,2.438,,
sixth,4.034,,
sixty,3.736,,
sized,2.810,,
sizes,3.482,,
skate,3.772,,
skeet,2.723,,
skein,2.070,,
skied,2.468,,
skier,2.690,,
skies,3.875,,
skiff,2.872,,
skill,3.899,,
skimp,2.438,,
skink,1.292,,
skirl,1.894,,
skirt,3.999,,
skive,1.593,,
skulk,2.496,,
skull,4.167,,
skunk,3.515,,
skype,1.292,,
slack,3.773,,
slain,3.260,,
slake,1.894,,
slang,3.149,,
slant,3.063,,
slash,3.382,,
slate,3.512,,
slaty,1.292,,
slave,4.265,,
sleek,2.935,,
sleep,5.357,,
sleet,2.823,,
slept,4.550,,
slice,3.931,,
slick,3.837,,
slide,4.251,,
slime,3.444,,
slimy,3.496,,
sling,3.364,,
slink,2.593,,
sloop,2.333,,
slope,3.471,,
slops,2.246,,
slosh,2.137,,
sloth,3.167,,
slows,3.077,,
slump,3.084,,
slung,2.522,,
slunk,2.137,,
slurp,2.654,,
slush,2.754,,
slyly,1.593,,
smack,3.978,,
small,5.096,,
smarm,1.292,,
smart,4.983,,
smash,3.917,,
smear,3.341,,
smell,4.919,,
smelt,3.016,,
smile,4.763,,
smirk,2.915,,
smite,2.769,,
smith,4.561,,
smock,2.707,,
smoke,4.815,,
smoky,2.836,,
smote,2.438,,
snack,3.961,,
snafu,2.739,,
snail,3.251,,
snake,4.349,,
snaky,1.769,,
snaps,3.453,,
snare,2.894,,
snarl,2.739,,
sneak,4.227,,
sneer,2.883,,
snick,1.593,,
snide,2.754,,
sniff,3.552,,
snipe,2.571,,
snood,1.894,,
snook,2.137,,
snoop,3.399,,
snoot,2.333,,
snore,3.211,,
snort,3.070,,
snout,2.935,,
snowy,3.032,,
snuck,3.667,,
snuff,3.305,,
soapy,2.707,,
soave,1.769,,
sober,4.004,,
socio,1.292,,
socle,1.292,,
softy,2.634,,
soggy,2.999,,
solar,3.667,,
soles,2.973,,
solid,4.291,,
solon,2.246,,
solve,4.290,,
sonar,3.618,,
sonic,3.292,,
sonly,1.292,,
sonny,4.238,,
sooth,2.371,,
sooty,2.070,,
soppy,2.137,,
sorry,6.067,,
sough,1.292,,
sound,5.156,,
soupy,2.406,,
souse,2.522,,
south,4.809,,
sower,2.070,,
space,4.819,,
spade,3.367,,
spall,1.991,,
spank,3.532,,
spare,4.489,,
spark,3.798,,
spasm,3.048,,
spate,2.333,,
spawn,3.265,,
speak,5.272,,
spear,3.659,,
speck,3.274,,
specs,3.321,,
speed,4.615,,
spell,4.564,,
spelt,2.438,,
spend,4.969,,
spent,4.845,,
spere,1.292,,
sperm,3.796,,
spice,3.725,,
spick,2.070,,
spicy,3.522,,
spied,2.872,,
spiel,2.634,,
spiff,2.246,,
spike,4.088,,
spiky,2.371,,
spill,3.928,,
spilt,2.925,,
spine,3.760,,
spiny,2.195,,
spire,2.070,,
spite,3.882,,
splat,2.935,,
splay,1.991,,
split,4.583,,
spoil,4.066,,
spoke,4.587,,
spoof,2.406,,
spook,3.441,,
spool,2.723,,
spoon,3.882,,
spoor,2.246,,
spore,2.195,,
sport,4.299,,
spout,3.016,,
sprat,2.406,,
spray,3.985,,
spree,3.333,,
sprig,2.406,,
sprit,1.593,,
spume,1.292,,
spumy,1.292,,
spunk,3.131,,
spurn,2.371,,
spurt,2.593,,
sputa,1.292,,
squab,2.593,,
squad,4.332,,
squat,3.499,,
squaw,3.124,,
squib,2.246,,
squid,3.444,,
stack,3.786,,
staff,4.505,,
stage,4.658,,
stagy,1.769,,
staid,1.894,,
stain,3.793,,
stair,3.137,,
stake,4.220,,
stale,3.468,,
stalk,3.231,,
stall,3.953,,
stamp,3.773,,
stand,5.354,,
stank,2.894,,
staph,2.707,,
stare,3.999,,
stark,3.813,,
start,5.531,,
stash,3.703,,
state,5.032,,
stave,2.547,,
stays,4.282,,
stead,3.032,,
steak,4.210,,
steal,4.727,,
steam,4.129,,
steed,3.409,,
steel,4.266,,
steep,3.392,,
steer,3.778,,
stein,3.485,,
stela,1.292,,
stele,1.894,,
steno,2.438,,
stent,1.769,,
steps,4.392,,
stern,3.808,,
stich,1.292,,
stick,4.987,,
stiff,4.011,,
stile,1.292,,
still,5.896,,
stilt,1.769,,
sting,3.847,,
stink,4.120,,
stint,2.883,,
stoat,1.593,,
stock,4.406,,
stogy,1.593,,
stoic,2.634,,
stoke,3.077,,
stola,1.292,,
stole,4.725,,
stoma,1.593,,
stomp,3.429,,
stone,4.608,,
stony,2.797,,
stood,4.411,,
stool,3.547,,
stoop,3.392,,
store,4.913,,
stork,3.216,,
storm,4.489,,
story,5.343,,
stoup,1.593,,
stout,3.024,,
stove,3.881,,
strap,3.713,,
straw,3.796,,
stray,3.728,,
strep,2.848,,
strew,1.769,,
strip,4.195,,
strop,2.246,,
strum,2.406,,
strut,3.200,,
stuck,4.823,,
study,4.690,,
stuff,5.486,,
stull,1.593,,
stump,3.392,,
stung,3.189,,
stunk,2.964,,
stunt,3.964,,
stupa,1.593,,
style,4.478,,
suave,2.973,,
sudsy,1.894,,
suede,3.260,,
suety,1.292,,
sugar,4.577,,
suing,3.760,,
suite,4.221,,
sulfa,2.690,,
sulky,2.333,,
sully,3.577,,
sumac,1.991,,
summa,2.292,,
sunny,3.885,,
sunup,3.070,,
super,4.418,,
supra,1.292,,
surge,3.270,,
surly,2.860,,
sushi,3.640,,
sutra,3.063,,
swage,1.292,,
swain,2.406,,
swale,1.292,,
swami,2.872,,
swamp,3.954,,
swank,2.690,,
sward,1.292,,
swarf,1.292,,
swarm,3.131,,
swart,1.292,,
swash,2.070,,
swath,2.371,,
swear,4.945,,
sweat,4.339,,
sweep,3.978,,
sweet,5.161,,
swell,4.318,,
swept,3.679,,
swift,3.588,,
swill,2.991,,
swine,3.648,,
swing,4.414,,
swipe,3.211,,
swirl,2.964,,
swish,3.211,,
swoon,2.797,,
swoop,3.189,,
sword,4.418,,
swore,3.942,,
sworn,3.986,,
swung,3.364,,
sylph,1.292,,
synch,2.848,,
synod,1.593,,
synth,1.292,,
syrah,1.292,,
syrup,3.708,,
tabby,2.872,,
table,5.023,,
taboo,3.091,,
tabor,2.333,,
tacit,2.195,,
tacky,3.422,,
taffy,3.382,,
taiga,1.292,,
taint,2.905,,
taken,5.141,,
taker,2.964,,
tales,3.848,,
talky,2.571,,
tally,3.545,,
talon,3.048,,
taluk,1.292,,
talus,1.991,,
tamer,2.672,,
tammy,3.712,,
tango,3.731,,
tangs,2.070,,
tangy,2.547,,
tansy,2.333,,
tapas,2.070,,
taper,2.292,,
tapir,1.991,,
tardy,3.063,,
tarot,3.084,,
tarry,2.672,,
tarsi,1.292,,
taste,4.710,,
tasty,3.801,,
tater,2.707,,
tatty,1.894,,
taunt,2.810,,
taupe,2.848,,
tawny,2.823,,
tawse,1.292,,
taxed,2.333,,
taxis,3.016,,
taxon,1.292,,
teach,4.862,,
teary,1.991,,
tease,3.756,,
teddy,4.201,,
teems,1.769,,
teens,3.292,,
teeny,3.402,,
teeth,4.679,,
telex,2.707,,
telic,1.292,,
telly,3.504,,
tempi,1.292,,
tempo,3.231,,
tempt,3.406,,
tench,1.593,,
tenet,2.137,,
tenon,1.894,,
tenor,3.195,,
tense,4.010,,
tenth,3.620,,
tepee,2.739,,
tepid,2.406,,
terra,2.964,,
terry,4.343,,
terse,2.246,,
tesla,2.935,,
testy,2.991,,
tetra,1.894,,
thane,2.860,,
thank,6.047,,
theca,1.292,,
theft,3.830,,
their,5.816,,
theme,4.144,,
there,6.638,,
therm,1.593,,
these,5.956,,
theta,3.206,,
thick,4.146,,
thief,4.385,,
thigh,3.575,,
thine,3.462,,
thing,6.036,,
think,6.429,,
third,4.872,,
thole,1.292,,
thong,3.325,,
thorn,3.708,,
thorp,1.292,,
those,5.876,,
three,5.734,,
threw,4.611,,
thrip,1.292,,
throb,2.406,,
throe,1.292,,
throw,5.109,,
thrum,2.137,,
thumb,4.073,,
thump,3.292,,
thunk,1.292,,
thyme,2.333,,
tiara,3.256,,
tibia,2.810,,
tidal,3.024,,
tided,1.593,,
tiger,4.268,,
tight,4.706,,
tilde,1.292,,
tiled,1.769,,
tilth,1.292,,
timed,3.211,,
timer,3.797,,
times,5.342,,
timid,3.184,,
tined,1.292,,
tinge,2.333,,
tinny,1.769,,
tippy,2.739,,
tipsy,2.823,,
tired,5.051,,
titan,3.167,,
titer,1.292,,
tithe,1.593,,
title,4.269,,
tizzy,2.292,,
toady,2.371,,
toast,4.524,,
today,5.637,,
toddy,3.399,,
toile,1.593,,
tokay,1.593,,
token,3.606,,
tolan,2.292,,
tonal,1.894,,
toned,2.571,,
toner,2.945,,
tongs,2.905,,
tonic,3.584,,
tonus,1.292,,
tooth,4.133,,
toots,3.520,,
topaz,3.008,,
toper,1.593,,
topic,3.726,,
toppy,1.292,,
toque,1.991,,
torah,3.040,,
torch,3.698,,
torso,3.270,,
torte,1.769,,
torus,1.593,,
total,4.575,,
totem,2.945,,
touch,5.169,,
tough,4.956,,
towel,4.151,,
tower,4.359,,
toxic,3.692,,
toxin,2.964,,
trace,4.287,,
track,4.746,,
tract,3.161,,
trade,4.546,,
trail,4.283,,
train,4.977,,
trait,3.040,,
tramp,3.919,,
traps,3.670,,
trash,4.351,,
trawl,2.070,,
tread,3.360,,
treat,4.715,,
treed,2.371,,
trend,3.321,,
tress,2.137,,
triad,3.537,,
trial,4.693,,
tribe,3.805,,
trice,2.137,,
trick,4.674,,
tried,5.271,,
trike,1.894,,
trill,2.137,,
trine,1.991,,
tripe,2.915,,
trite,2.905,,
troll,3.435,,
tromp,2.137,,
troop,3.765,,
trope,1.292,,
troth,2.848,,
trout,3.606,,
trove,2.547,,
truce,3.636,,
truck,4.862,,
truer,2.723,,
truly,4.555,,
trump,3.356,,
trunk,4.297,,
truss,2.547,,
trust,5.250,,
truth,5.283,,
tryst,2.614,,
tubal,2.496,,
tubby,2.797,,
tuber,1.894,,
tudor,2.547,,
tulip,2.905,,
tulle,2.571,,
tumid,1.292,,
tummy,3.542,,
tumor,3.713,,
tuned,3.554,,
tuner,2.292,,
tunic,2.754,,
tuple,1.292,,
tuque,1.292,,
turbo,3.465,,
turns,4.699,,
tutee,1.769,,
tutor,3.665,,
twain,3.456,,
twang,2.246,,
tweak,2.836,,
tweed,3.084,,
tween,2.371,,
tweet,2.935,,
twerp,3.184,,
twice,4.796,,
twill,2.438,,
twine,2.769,,
twins,4.179,,
twirl,3.124,,
twist,4.101,,
twixt,2.593,,
tying,3.493,,
udder,2.371,,
ukase,1.292,,
ulcer,3.412,,
ulnae,1.593,,
ulnar,1.991,,
ultra,3.055,,
umami,1.292,,
umbel,1.292,,
umber,2.468,,
umbra,1.292,,
unapt,1.769,,
unarm,1.292,,
unary,1.292,,
unbar,1.292,,
uncap,1.593,,
uncle,5.093,,
uncut,2.905,,
under,5.418,,
undid,2.438,,
undue,2.769,,
unfed,1.991,,
unfit,3.195,,
unfix,2.070,,
unhip,1.894,,
unify,2.468,,
union,4.338,,
unite,3.482,,
unity,3.435,,
unlit,1.894,,
unman,1.593,,
unmet,1.593,,
unpeg,1.292,,
unpin,1.894,,
unrig,1.292,,
unsay,1.593,,
unset,1.593,,
unsex,1.769,,
untie,3.715,,
until,5.480,,
unwed,2.739,,
unzip,2.925,,
upend,1.593,,
upper,4.082,,
upset,4.872,,
urban,3.668,,
ureic,1.292,,
urine,3.814,,
usage,2.723,,
usher,3.378,,
usual,4.571,,
usurp,2.292,,
usury,2.070,,
uteri,1.292,,
utile,1.292,,
utter,3.703,,
uvula,2.292,,
vagal,1.991,,
vague,3.657,,
valet,3.713,,
valid,3.509,,
valor,3.105,,
value,4.332,,
valve,3.686,,
vapid,2.468,,
vapor,2.797,,
vatic,1.292,,
vault,4.081,,
vaunt,1.292,,
vegan,2.823,,
velar,1.292,,
veldt,1.894,,
velum,1.593,,
venal,2.496,,
venge,1.292,,
venin,1.292,,
venom,3.371,,
venue,3.161,,
venus,3.690,,
verge,3.517,,
verse,3.670,,
verso,1.593,,
verve,2.406,,
vetch,1.292,,
vexed,2.690,,
vexer,1.894,,
viand,1.292,,
vibes,3.040,,
vicar,3.173,,
video,4.615,,
vigil,2.945,,
vigor,2.634,,
villa,3.644,,
vinyl,3.098,,
viola,3.474,,
viper,3.406,,
viral,2.955,,
vireo,1.894,,
virus,4.276,,
visit,4.768,,
visor,2.783,,
vista,3.447,,
vital,3.891,,
vitro,2.836,,
vivid,3.313,,
vixen,2.991,,
vocal,3.474,,
vodka,4.004,,
vogue,3.371,,
voice,4.935,,
voile,1.769,,
volar,1.292,,
volte,1.292,,
vomit,3.728,,
voter,2.915,,
vouch,3.396,,
vowed,3.216,,
vowel,2.860,,
voxel,1.292,,
vroom,2.925,,
vulva,2.137,,
vying,2.468,,
wacko,3.444,,
wacky,3.509,,
wader,1.593,,
wafer,2.496,,
waged,2.723,,
wager,3.599,,
wages,3.591,,
wagon,4.249,,
wahoo,2.406,,
waist,3.712,,
waive,3.241,,
waken,2.614,,
wakes,3.831,,
wally,4.151,,
waltz,3.739,,
waned,2.137,,
wanly,1.292,,
warty,1.991,,
washy,1.769,,
waste,4.726,,
watch,5.518,,
water,5.352,,
waved,3.317,,
waver,2.654,,
waxed,3.137,,
waxen,2.137,,
weald,1.292,,
weary,3.620,,
weave,3.317,,
webby,2.292,,
wedel,1.292,,
wedge,3.371,,
wedgy,1.769,,
weeds,3.378,,
weedy,2.496,,
weeny,2.246,,
weeps,2.723,,
weepy,2.769,,
weigh,3.853,,
weird,5.004,,
welsh,3.077,,
wench,3.241,,
wetly,1.292,,
whack,3.951,,
whale,4.052,,
whang,2.070,,
wharf,3.111,,
wheal,1.593,,
wheat,3.760,,
wheel,4.432,,
whelk,1.769,,
whelm,1.292,,
whelp,2.690,,
where,6.262,,
which,5.678,,
whiff,3.399,,
while,5.543,,
whine,3.216,,
whiny,3.016,,
whirl,3.246,,
whirr,1.593,,
whish,2.195,,
whisk,2.769,,
whist,2.371,,
white,5.234,,
whole,5.585,,
whoop,3.588,,
whore,4.324,,
whorl,1.894,,
whose,4.795,,
whoso,1.593,,
whump,1.292,,
widen,2.925,,
widow,4.083,,
width,2.848,,
wield,2.894,,
wiggy,2.797,,
wilco,2.783,,
wimpy,2.935,,
wince,2.406,,
winch,3.137,,
windy,3.422,,
wined,2.333,,
winey,1.292,,
wingy,1.292,,
winze,1.292,,
wiper,2.769,,
wired,3.880,,
wirer,1.292,,
wirra,1.292,,
wiser,3.416,,
wispy,2.070,,
witan,1.292,,
witch,4.441,,
withy,1.292,,
witty,3.507,,
wizen,1.292,,
wodge,1.292,,
woman,5.638,,
wonky,2.195,,
woods,4.463,,
woody,3.929,,
wooer,1.593,,
wooly,2.823,,
woozy,2.935,,
wordy,2.246,,
works,5.021,,
world,5.658,,
wormy,2.371,,
worry,5.457,,
worse,4.991,,
worst,4.750,,
worth,5.038,,
would,6.247,,
wound,4.423,,
woven,2.810,,
wrack,2.070,,
wrath,3.593,,
wreak,2.783,,
wreck,4.136,,
wrest,2.137,,
wrier,1.292,,
wring,3.091,,
wrist,4.014,,
write,5.103,,
wrong,5.718,,
wrote,4.852,,
wroth,2.246,,
wrung,2.468,,
wryly,1.769,,
xebec,1.292,,
xenia,2.634,,
xenon,2.836,,
xeric,1.292,,
xerox,2.982,,
xylem,1.894,,
yacht,3.915,,
yahoo,3.468,,
yapok,1.292,,
yappy,2.070,,
yearn,2.991,,
yeast,2.945,,
yerba,1.769,,
yield,3.608,,
yobbo,1.593,,
yodel,2.935,,
yogic,1.769,,
yokel,2.522,,
yolky,1.292,,
young,5.385,,
yours,5.311,,
youse,3.329,,
youth,4.226,,
yucca,2.468,,
yucky,2.654,,
yummy,3.652,,
zakat,1.593,,
zamia,1.292,,
zebra,3.402,,
zesty,2.246,,
zilch,2.955,,
zingy,1.593,,
zippy,2.593,,
zloty,1.769,,
zonal,1.593,,
zoned,2.571,,
zooid,1.292,,
